name,age,Contract valid until,Overall rating,Potential,Value,Wage,Crossing,Finishing,Heading accuracy,Short passing,Volleys,Dribbling,Curve,FK Accuracy,Long passing,Ball control,Acceleration,Sprint speed,Agility,Reactions,Balance,Shot power,Jumping,Stamina,Strength,Long shots,Aggression,Interceptions,Positioning,Vision,Penalties,Composure,Defensive awareness,Standing tackle,Sliding tackle,GK Diving,GK Handling,GK Kicking,GK Positioning,GK Reflexes
G. Donnarumma,23,2026,88,92,103500000.0,110000.0,12,12,12,36,8,28,12,14,34,30,50,55,64,85,38,59,72,34,72,18,30,26,14,60,24,65,20,14,16,90,82,79,85,89
T. Courtois,30,2026,90,90,79500000.0,250000.0,14,14,13,33,12,13,19,20,35,23,42,52,63,84,45,56,68,38,70,17,23,15,13,44,27,66,20,18,16,85,89,75,90,90
Alisson,29,2027,89,90,79000000.0,190000.0,17,13,29,60,20,27,19,18,58,40,58,49,40,87,37,64,52,32,78,14,27,11,13,66,23,66,15,19,16,86,85,85,90,89
J. Oblak,29,2028,89,90,79000000.0,100000.0,13,11,15,43,13,12,13,14,40,30,42,53,64,86,48,59,77,42,78,12,36,24,11,67,11,68,27,14,18,86,90,79,87,89
Ederson,28,2026,88,90,78000000.0,210000.0,20,14,14,61,18,23,15,20,65,40,64,63,60,87,48,68,66,41,78,18,38,27,20,70,51,70,29,15,8,86,82,91,86,86
M. Maignan,26,2026,87,89,75000000.0,90000.0,18,15,17,65,16,31,38,16,61,40,50,53,41,85,56,65,74,39,78,20,35,25,15,65,15,68,23,16,19,85,82,87,85,89
G. Kobel,24,2026,86,89,72500000.0,52000.0,13,10,13,39,10,24,13,12,33,34,38,52,37,84,29,56,70,30,81,10,24,14,10,59,12,66,15,15,15,86,84,74,82,88
M. ter Stegen,30,2025,88,88,61000000.0,210000.0,18,14,11,61,14,21,18,12,63,30,45,50,39,85,43,65,79,35,78,10,43,22,11,70,25,70,25,13,10,86,85,87,85,90
De Gea,31,2023,87,87,42000000.0,150000.0,17,13,18,42,13,18,21,19,43,32,47,45,63,87,40,53,64,30,38,12,15,21,9,45,29,52,23,21,13,87,78,71,86,89
A. Ramsdale,24,2025,83,86,38500000.0,68000.0,15,14,15,56,16,18,17,16,57,36,47,50,53,82,49,65,66,35,59,15,35,24,18,65,25,65,20,16,15,84,79,87,79,86
E. Martínez,29,2027,85,85,37000000.0,105000.0,22,16,26,57,13,17,22,20,59,38,59,57,49,82,49,62,60,40,70,16,37,13,12,66,42,62,11,20,20,83,83,82,84,85
Unai Simón,25,2025,83,86,37000000.0,30000.0,16,14,18,38,17,12,20,14,34,16,48,50,37,77,47,58,66,44,76,13,29,26,14,48,24,46,11,18,12,84,79,77,84,85
K. Trapp,31,2026,86,86,36000000.0,43000.0,13,13,11,25,12,10,14,12,12,24,43,50,42,84,37,59,76,45,75,13,30,22,12,46,17,64,15,14,10,84,82,79,85,88
W. Szczęsny,32,2024,86,86,33500000.0,125000.0,12,12,16,32,14,11,16,14,36,22,51,47,55,82,51,55,71,45,65,14,40,15,14,48,18,65,20,13,12,,,,,
Álex Remiro,27,2027,83,85,33000000.0,37000.0,12,13,13,36,15,19,14,17,29,26,40,46,69,78,40,59,66,42,73,11,34,20,11,35,24,55,14,17,18,84,77,79,85,85
A. Onana,26,2027,83,84,32000000.0,65000.0,15,12,20,43,13,26,30,17,53,38,62,60,66,81,53,65,77,38,79,17,32,15,11,64,27,64,12,18,14,81,81,86,82,83
K. Casteels,30,2024,84,85,31500000.0,55000.0,15,15,14,35,13,14,20,13,37,23,44,46,50,80,43,59,58,44,72,18,33,16,15,42,20,40,11,19,17,84,82,79,84,86
Y. Bounou,31,2025,85,85,28500000.0,38000.0,15,14,14,39,13,20,12,19,44,12,38,37,47,83,29,59,48,43,69,19,25,12,10,62,24,57,20,18,15,83,84,78,84,84
P. Gulácsi,32,2025,85,85,26500000.0,65000.0,16,10,23,35,10,19,18,11,31,25,42,44,41,81,42,57,67,37,74,12,34,23,11,44,24,45,25,16,20,,,,,
J. Pickford,28,2024,82,84,26000000.0,45000.0,17,19,15,58,20,14,18,16,60,40,56,44,57,77,55,65,77,45,70,13,45,24,18,69,45,65,21,20,12,83,77,87,80,87
Kepa,27,2025,81,84,25500000.0,86000.0,25,11,18,60,18,15,25,19,60,34,34,33,41,71,39,64,71,37,51,14,18,21,15,61,24,63,19,18,16,80,78,85,78,84
A. Meret,25,2024,81,83,24500000.0,44000.0,15,17,19,30,20,16,20,21,25,25,41,48,46,74,48,54,68,29,65,17,22,22,20,25,21,67,10,21,12,80,78,72,82,84
É. Mendy,30,2025,83,83,24000000.0,100000.0,10,5,10,54,9,18,13,14,54,31,33,36,50,79,33,61,39,36,72,9,22,13,6,52,13,57,10,11,13,80,79,81,80,84
N. Pope,30,2026,83,83,24000000.0,88000.0,11,14,11,32,14,15,13,12,52,25,50,47,36,78,42,56,72,37,75,15,36,23,13,50,22,63,19,15,14,81,83,75,82,85
G. Mamardashvili,21,2027,79,85,23000000.0,19000.0,13,9,14,15,7,11,11,10,15,22,48,48,35,70,26,56,53,45,74,7,25,8,8,34,11,26,5,12,10,80,79,74,79,81
A. Lafont,23,2024,79,84,21500000.0,20000.0,13,6,13,54,9,14,13,12,51,10,48,45,60,71,53,52,73,40,70,9,20,11,4,56,16,61,20,14,12,81,77,69,78,84
David Soria,29,2023,82,82,21000000.0,32000.0,15,19,24,24,19,16,23,11,33,19,49,34,49,80,42,55,61,43,75,18,24,18,12,45,23,58,22,13,13,82,81,73,81,84
Pau López,27,2026,80,83,20500000.0,35000.0,24,19,15,63,17,18,23,21,55,43,45,52,40,63,57,62,71,42,52,18,39,16,20,69,25,62,19,20,11,80,79,82,81,83
M. Carnesecchi,22,"Jun 30, 2023",77,85,20500000.0,27000.0,11,8,20,36,7,14,18,12,31,21,24,39,40,66,25,51,40,28,55,10,27,13,9,54,17,40,16,15,12,79,74,68,77,80
David Raya,26,2024,80,82,20000000.0,44000.0,12,19,20,54,20,19,18,15,60,40,64,46,68,73,45,62,77,31,38,14,29,11,15,67,26,65,28,14,13,80,78,82,80,82
G. Vicario,25,2024,80,82,20000000.0,12000.0,11,6,11,27,7,12,14,10,27,14,34,35,40,64,33,56,49,18,53,5,17,15,8,64,13,55,23,11,13,81,79,75,80,84
Robert Sánchez,24,2025,79,82,18500000.0,43000.0,12,14,15,51,15,15,12,14,55,37,45,44,40,73,35,56,73,40,66,16,33,8,12,65,15,65,18,13,15,79,76,74,79,80
D. Henderson,25,"Jun 30, 2023",79,82,18000000.0,76000.0,14,9,13,45,5,13,13,10,48,35,55,56,61,77,56,58,68,32,64,6,35,11,8,55,16,60,15,14,14,80,78,77,75,82
B. Samba,28,2027,80,82,18000000.0,32000.0,10,9,15,48,13,12,14,13,36,22,49,60,39,77,54,59,57,37,75,10,26,18,11,48,15,66,12,14,12,79,80,79,78,82
Luís Maximiano,23,2027,78,84,18000000.0,29000.0,10,5,8,44,8,16,9,9,38,21,55,55,58,78,33,51,63,23,68,4,12,9,6,55,13,56,21,15,13,78,76,68,76,81
E. Audero,25,2026,79,82,18000000.0,17000.0,13,16,19,29,18,19,12,12,19,18,55,49,53,76,51,55,65,25,55,19,24,11,8,30,22,56,10,10,10,80,74,73,76,83
Rui Silva,28,2026,80,82,18000000.0,24000.0,13,20,14,29,20,18,19,20,30,24,31,30,34,71,24,58,65,27,66,14,19,27,20,55,30,49,25,10,19,82,76,77,81,84
L. Chevalier,20,2027,77,84,17500000.0,16000.0,12,9,12,25,9,14,15,14,22,17,42,40,32,76,38,53,59,34,53,8,23,10,7,47,16,45,10,10,11,,,,,
Y. Sommer,33,2025,85,85,17500000.0,73000.0,13,13,10,40,8,15,12,13,31,25,48,54,55,82,58,62,73,45,68,12,38,21,15,64,24,57,9,19,12,78,80,83,85,90
M. Flekken,29,2026,81,81,17500000.0,30000.0,14,16,11,39,14,12,19,12,42,34,28,36,34,80,38,62,54,28,72,11,32,12,14,43,23,39,15,13,20,81,74,82,80,84
A. Nübel,25,"Jun 30, 2023",78,83,16500000.0,39000.0,15,18,13,29,13,18,20,20,18,20,49,46,34,73,58,53,61,39,70,18,23,20,10,32,16,32,23,14,13,75,71,70,76,83
J. Omlin,28,2027,80,81,16500000.0,28000.0,24,17,24,45,15,27,21,16,35,31,52,51,32,74,51,57,75,35,72,18,22,25,15,48,27,55,20,21,24,80,77,76,78,82
S. Dimitrievski,28,2024,80,81,16500000.0,21000.0,11,20,14,23,15,18,17,17,27,19,35,38,44,74,43,58,60,40,72,17,17,21,15,51,21,53,19,19,17,79,82,77,79,80
José Sá,29,2026,80,81,16000000.0,69000.0,18,15,14,48,17,17,12,21,42,19,52,53,62,79,40,53,70,34,75,18,35,18,17,50,11,45,14,19,15,81,77,70,78,83
A. Lopes,31,2025,82,82,16000000.0,60000.0,19,18,16,32,13,15,15,14,31,21,63,64,67,82,62,53,82,36,73,18,45,25,9,48,16,65,13,15,13,84,78,71,80,86
M. Di Gregorio,24,2025,78,82,16000000.0,30000.0,13,9,11,28,11,18,17,14,19,20,45,43,45,66,55,54,70,36,62,18,26,15,9,65,17,56,21,14,10,79,76,72,78,80
J. Ledesma,29,2025,80,81,16000000.0,30000.0,18,16,17,35,19,17,20,18,28,13,49,42,40,74,50,54,68,40,65,22,25,22,15,38,25,42,15,15,14,82,77,72,78,83
Y. Diouf,22,2027,76,84,14500000.0,14000.0,13,8,14,35,7,13,12,13,30,21,45,44,35,71,38,54,65,44,62,8,26,15,6,41,11,46,13,11,16,,,,,
B. Leno,30,2025,80,80,14000000.0,50000.0,9,9,13,50,10,16,9,8,48,35,55,52,52,75,44,55,71,44,70,14,28,25,7,58,23,63,27,15,18,81,78,73,79,83
M. Schwäbe,27,2024,78,81,14000000.0,23000.0,21,15,15,53,15,20,20,9,49,41,49,43,45,71,46,59,64,36,70,17,28,17,12,66,28,61,21,16,17,79,74,78,75,81
J. Musso,28,2025,79,80,14000000.0,41000.0,20,18,15,31,15,16,16,12,24,20,46,42,32,70,39,55,51,35,70,14,27,18,19,48,25,67,12,14,16,79,77,73,81,82
I. Provedel,28,2027,79,80,14000000.0,41000.0,21,17,17,61,14,16,13,13,56,22,44,40,38,70,44,59,56,28,56,20,27,22,16,63,22,68,22,22,21,82,77,78,77,82
P. Rajković,26,2026,78,81,14000000.0,21000.0,13,9,13,31,8,8,14,10,42,18,30,18,32,73,29,56,35,26,66,10,25,10,4,42,20,32,11,10,10,,,,,
A. Areola,29,2027,79,80,13500000.0,57000.0,20,19,14,48,16,15,16,16,55,22,56,54,58,73,58,56,72,38,79,14,26,23,17,59,25,64,13,18,12,82,78,75,76,81
M. Perin,29,2025,79,80,13500000.0,78000.0,11,11,12,33,19,19,15,13,31,23,57,56,53,74,30,53,75,30,52,17,25,19,12,44,21,65,20,12,19,79,79,71,79,81
I. Meslier,22,2026,76,83,13000000.0,23000.0,18,11,15,50,9,20,12,10,50,35,37,40,42,74,25,53,42,40,53,17,27,19,8,61,11,65,22,17,19,77,74,71,72,80
L. Hrádecký,32,2026,81,81,13000000.0,46000.0,11,11,11,30,9,10,11,15,33,20,38,44,43,81,39,49,69,34,55,14,31,18,9,53,20,45,10,10,13,83,77,65,79,86
O. Baumann,32,2024,81,81,13000000.0,34000.0,14,11,16,30,11,19,12,11,25,17,47,51,45,82,43,59,73,39,69,13,32,21,10,41,22,52,15,18,14,80,81,78,78,81
S. Ortega,29,2025,79,79,12000000.0,90000.0,18,15,20,40,13,20,16,12,55,38,51,53,42,78,54,65,77,33,73,12,29,27,10,66,24,56,29,12,15,76,73,86,79,84
M. Sels,30,2026,79,79,11500000.0,24000.0,16,16,14,38,19,19,17,17,32,33,37,35,36,78,34,56,70,26,67,18,29,17,18,49,22,62,14,15,14,,,,,
M. Neuer,36,2024,89,89,11500000.0,69000.0,15,13,25,60,11,30,14,11,68,46,48,50,51,85,35,68,77,43,80,16,29,30,12,70,47,70,17,10,11,87,88,90,88,87
Edgar Badia,30,2025,79,79,11500000.0,19000.0,14,12,20,30,16,14,19,13,32,18,45,43,53,75,41,57,57,35,55,12,42,22,9,45,30,56,26,12,15,78,77,76,78,79
M. Dmitrović,30,2025,79,79,11500000.0,23000.0,30,20,20,40,20,8,20,18,40,9,39,35,32,76,37,59,50,45,79,17,20,17,9,45,58,59,19,22,20,77,78,78,80,79
B. Drągowski,24,2025,77,80,11000000.0,12000.0,19,12,13,35,12,20,12,20,32,18,46,42,33,74,54,53,57,34,56,18,19,21,15,62,21,65,20,16,16,,,,,
Sergio Herrera,29,2026,78,79,11000000.0,24000.0,20,16,14,24,16,15,21,21,21,27,45,50,45,75,45,56,59,42,67,14,25,12,13,37,32,53,15,17,18,79,77,74,75,77
M. Silvestri,31,2025,79,79,9500000.0,16000.0,12,20,12,22,20,18,16,11,20,20,58,61,65,72,34,45,74,34,60,16,31,11,14,47,16,44,8,18,16,81,77,60,80,83
A. Lunin,23,2024,75,82,9500000.0,63000.0,15,8,12,25,12,11,14,15,26,15,39,35,36,74,25,55,56,32,61,7,22,19,11,60,19,56,22,13,11,74,70,73,74,76
P. Gazzaniga,30,"Jun 30, 2023",78,78,9500000.0,43000.0,23,12,14,49,13,20,31,21,54,31,57,56,65,78,60,59,74,42,55,19,40,19,15,64,40,61,23,21,14,,,,,
M. Turner,28,2024,77,79,9000000.0,56000.0,13,15,14,24,16,16,13,14,29,24,38,39,48,74,42,50,55,35,64,18,25,27,15,55,14,59,11,11,11,76,75,67,79,77
Y. Mvogo,28,2024,77,79,9000000.0,16000.0,13,10,24,24,19,18,14,20,22,27,43,41,58,71,57,58,71,28,74,14,37,13,13,58,20,30,28,18,12,77,74,77,75,79
Neto,32,2026,79,79,8500000.0,41000.0,11,15,14,36,12,19,12,13,41,24,56,52,59,76,49,57,81,40,61,20,40,15,11,42,22,64,17,14,15,,,,,
P. Terracciano,32,2025,79,79,8500000.0,43000.0,13,11,15,27,16,15,12,12,21,22,40,42,41,68,45,55,55,33,60,11,19,16,12,42,22,63,20,11,19,80,77,73,79,84
V. Milinković-Savić,25,2024,76,80,8000000.0,27000.0,18,20,12,31,16,15,55,59,30,18,41,45,38,63,38,62,58,33,73,45,34,21,12,58,24,65,11,15,19,78,75,82,75,76
K. Navas,35,"Jun 30, 2023",86,86,7500000.0,65000.0,11,15,11,40,11,24,21,15,37,30,54,53,60,80,61,56,70,39,75,13,32,22,16,64,25,63,28,14,14,87,81,75,84,87
P. Gollini,27,"Jun 30, 2023",76,79,7500000.0,31000.0,17,14,19,31,18,18,13,15,25,24,46,48,56,72,52,55,52,40,68,17,19,18,12,32,21,63,20,12,19,76,74,73,76,78
L. Montipò,26,2025,76,79,7500000.0,20000.0,15,20,17,21,18,19,17,15,23,20,40,45,46,73,49,48,54,35,55,14,31,18,15,40,29,38,10,19,11,75,73,64,75,83
T. Strakosha,27,2026,76,78,7000000.0,33000.0,18,18,11,26,11,14,14,12,22,15,41,46,45,76,47,55,56,23,66,20,20,24,18,49,21,61,20,18,12,76,74,73,73,77
J. Pavlenka,30,2025,77,77,7000000.0,19000.0,11,16,14,27,19,12,10,14,16,19,35,36,39,78,27,46,36,20,68,17,22,13,14,25,18,39,12,10,14,78,74,61,69,82
R. Zentner,27,2025,76,78,7000000.0,20000.0,17,14,18,29,15,11,14,16,26,16,65,65,30,75,45,44,68,29,82,13,38,18,10,22,25,32,21,17,13,77,74,59,74,81
F. Rønnow,29,2024,77,77,7000000.0,25000.0,14,9,12,25,7,13,16,7,30,12,48,45,34,74,40,51,63,32,67,13,17,12,14,48,17,31,15,11,13,78,74,68,76,79
W. Falcone,27,"Jun 30, 2023",76,78,7000000.0,15000.0,17,19,13,25,13,13,16,12,26,20,26,28,33,58,34,53,43,28,62,20,15,8,5,35,29,44,6,11,16,77,77,71,74,81
Pacheco,30,2026,77,77,7000000.0,15000.0,14,16,10,28,13,13,20,20,29,15,48,42,62,75,53,53,73,43,75,15,29,26,14,53,23,62,18,16,13,76,76,70,77,79
M. Rodák,25,2024,75,80,6500000.0,34000.0,15,20,15,33,19,15,13,17,23,21,52,43,45,73,46,55,59,27,68,15,21,21,17,34,23,51,8,17,16,,,,,
Agirrezabala,21,2025,73,83,6000000.0,10000.0,16,7,5,37,15,13,7,9,40,29,30,36,33,64,35,55,65,26,60,10,24,12,6,46,13,36,10,13,12,,,,,
M. Dúbravka,33,2025,79,79,5500000.0,66000.0,12,10,12,48,11,19,15,13,59,33,48,44,47,72,60,59,74,38,60,17,28,25,12,58,20,59,19,15,14,78,76,79,76,80
M. Bułka,22,2026,73,80,5500000.0,19000.0,12,8,10,28,5,11,13,14,27,15,28,25,42,62,28,52,43,30,70,7,25,11,8,40,18,42,15,10,14,74,72,69,73,74
Ł. Skorupski,31,2025,77,77,5500000.0,24000.0,19,11,10,29,17,18,12,19,26,23,51,51,48,74,38,47,66,31,58,15,33,17,13,32,22,58,18,12,12,78,75,62,75,81
A. Cragno,28,"Jun 30, 2023",76,76,5500000.0,5000.0,15,12,12,31,13,13,11,12,25,21,41,37,37,72,43,54,74,43,55,17,33,19,15,42,31,59,20,11,12,75,74,72,76,78
Aitor,31,2025,77,77,5500000.0,21000.0,30,12,20,38,15,22,34,14,35,14,58,53,55,76,48,51,74,42,52,12,15,24,15,50,24,55,14,13,12,78,74,68,76,80
C. Kelleher,23,2026,73,80,5000000.0,40000.0,13,6,13,38,9,18,12,11,40,22,45,39,44,69,48,56,68,19,60,8,21,12,4,42,30,63,18,10,14,72,71,74,70,76
O. Christensen,23,2026,74,79,5000000.0,16000.0,10,5,9,47,5,16,16,11,44,19,45,43,33,63,34,53,64,42,64,6,32,13,6,62,10,45,14,13,11,78,72,70,70,79
M. Sportiello,30,2023,76,76,5000000.0,31000.0,13,18,18,32,12,19,14,21,19,22,48,38,55,70,58,51,68,37,66,17,23,29,18,44,21,65,26,17,13,74,74,68,80,78
D. Iversen,24,2025,74,78,4800000.0,36000.0,17,14,16,42,20,11,16,11,53,16,43,47,42,69,48,53,65,44,68,15,19,20,14,57,21,47,14,18,13,74,72,71,71,76
H. Lloris,35,2024,84,84,4700000.0,63000.0,13,10,9,52,15,12,12,10,55,29,61,59,54,81,56,53,72,41,43,14,31,25,9,57,40,55,24,12,18,85,80,70,81,86
I. Grbić,26,2024,74,78,4500000.0,29000.0,14,9,11,35,8,15,20,13,32,21,34,28,30,70,24,55,60,27,73,7,27,15,9,42,19,33,13,13,12,,,,,
Iñaki Peña,23,2026,72,80,4500000.0,44000.0,10,6,11,33,5,12,12,12,57,21,33,38,49,72,51,57,64,27,54,8,17,6,5,39,17,38,9,10,11,71,67,76,71,72
D. Alemdar,19,2026,72,80,4400000.0,9000.0,14,7,12,16,8,13,10,10,24,16,38,39,35,69,42,52,56,33,65,5,19,6,8,45,10,59,8,11,14,71,70,69,73,71
S. Johnstone,29,2026,75,76,4300000.0,36000.0,17,11,17,27,15,16,16,17,35,18,38,45,55,68,27,53,63,37,68,16,24,17,11,48,42,32,22,17,20,77,73,70,75,76
P. Bernardoni,25,2024,74,77,4300000.0,14000.0,12,13,21,28,17,16,15,18,24,25,31,27,21,67,34,54,70,36,68,16,29,25,15,24,19,55,16,12,18,74,71,72,74,78
M. Dupé,29,2023,75,76,4300000.0,15000.0,10,10,13,34,10,11,12,11,29,22,48,42,35,67,39,53,54,21,71,11,35,23,11,35,18,58,9,11,11,76,74,71,73,76
Rubén Blanco,26,"Jun 30, 2023",74,77,4200000.0,15000.0,18,18,15,35,19,17,18,13,29,10,54,52,52,66,57,55,62,44,35,15,22,22,11,37,22,57,25,11,11,79,72,73,70,74
G. Bazunu,20,2027,71,85,4000000.0,15000.0,11,5,11,45,7,12,14,12,51,20,49,43,54,65,42,55,79,16,50,5,16,9,8,60,15,38,16,12,11,72,68,73,67,74
M. Bizot,31,2024,76,76,4000000.0,17000.0,20,15,16,28,13,12,20,15,33,32,45,47,50,75,40,52,67,32,64,14,39,17,13,47,36,47,11,12,14,79,73,69,75,76
J. Blaswich,31,2025,76,76,4000000.0,32000.0,20,18,15,38,13,19,29,8,34,31,47,38,31,67,33,53,73,31,74,16,39,19,11,46,30,54,10,15,13,76,73,70,76,78
D. Ward,29,2025,75,75,3800000.0,49000.0,13,11,13,30,13,19,15,14,42,23,46,47,41,70,53,52,67,25,60,16,32,20,7,41,20,56,8,20,18,,,,,
D. Bertaud,24,2025,73,78,3700000.0,12000.0,14,15,19,38,19,18,20,14,33,25,52,55,35,67,61,54,65,42,65,19,30,25,12,25,18,48,14,17,21,,,,,
A. Lunev,30,2023,75,75,3700000.0,31000.0,16,14,17,25,13,15,18,17,32,17,58,54,36,76,50,47,60,27,70,13,26,20,11,63,15,53,18,20,12,75,72,63,75,77
Fernando,32,2025,76,76,3700000.0,19000.0,17,19,12,32,18,14,12,20,24,23,48,47,43,75,56,53,72,30,64,18,20,27,16,51,26,50,15,11,19,76,74,71,75,77
Sergio Rico,28,2024,74,76,3600000.0,43000.0,17,14,11,28,15,15,24,20,26,13,48,46,51,71,43,55,63,36,53,12,25,17,11,53,24,55,16,13,11,73,73,73,73,76
Rui Patrício,34,2024,80,80,3600000.0,51000.0,12,12,11,34,16,20,10,16,32,25,53,57,61,76,54,58,79,45,77,11,37,23,13,64,32,66,14,13,11,77,79,77,79,79
M. Travers,23,2027,73,77,3500000.0,22000.0,16,14,15,50,13,13,14,14,44,19,41,38,39,69,47,53,63,30,60,13,23,13,11,47,18,47,14,15,14,,,,,
Álvaro,24,"Jun 30, 2023",73,77,3500000.0,6000.0,9,8,9,29,6,14,14,13,26,28,44,51,68,75,48,49,65,37,59,5,22,14,5,41,14,52,10,11,11,74,71,65,70,75
K. Schmeichel,35,2023,82,82,3400000.0,28000.0,18,12,16,40,15,12,13,15,49,40,42,49,60,82,47,59,57,34,63,14,35,20,13,59,26,65,14,14,13,79,78,79,81,83
M. Riemann,33,2025,77,77,3400000.0,19000.0,17,12,15,59,13,30,15,14,65,47,57,45,49,71,64,62,70,43,65,18,38,32,13,69,34,67,30,14,19,77,72,83,76,82
S. Handanovič,37,2023,82,82,3400000.0,39000.0,12,10,10,42,12,18,20,14,40,21,41,47,44,75,36,48,75,36,69,19,25,22,12,41,23,64,25,10,13,78,79,64,90,83
M. Lis,25,"Jun 30, 2023",73,77,3300000.0,27000.0,10,9,12,22,8,13,11,11,16,12,27,27,37,56,35,50,33,26,70,9,19,8,6,45,16,50,9,10,11,74,72,67,75,75
G. Gallon,29,2024,74,75,3200000.0,14000.0,12,14,13,29,16,17,15,19,27,18,40,40,38,66,54,54,59,29,64,15,30,22,15,52,19,56,12,16,13,75,71,72,73,76
T. Horn,29,2023,74,75,3200000.0,19000.0,19,13,14,30,14,20,12,15,29,22,45,51,50,79,31,44,64,31,67,17,41,22,15,45,21,25,14,13,12,74,75,58,68,75
B. Lecomte,31,2027,75,75,3000000.0,17000.0,13,11,10,30,10,11,20,19,33,23,41,40,36,74,30,57,65,34,68,10,23,24,10,44,20,61,17,11,12,74,74,76,74,74
F. Dahmen,24,2023,72,78,3000000.0,12000.0,14,8,12,42,5,25,13,12,37,30,47,43,52,67,56,59,75,31,49,6,20,13,9,35,11,33,19,12,11,74,68,78,69,75
A. Marchesín,34,2025,79,79,3000000.0,21000.0,18,14,11,37,15,24,16,15,34,20,55,52,65,75,60,57,73,38,59,12,45,15,18,65,14,64,22,15,15,80,77,76,79,80
R. Olsen,32,2024,75,75,2800000.0,47000.0,20,11,16,32,16,11,18,16,50,18,31,40,32,68,33,59,40,37,75,14,27,20,13,59,26,45,22,12,16,,,,,
Y. Fofana,21,2026,69,78,2700000.0,5000.0,11,5,14,15,6,7,11,10,24,12,40,43,35,65,29,49,58,26,77,6,25,10,4,30,11,22,11,11,14,,,,,
F. Müller,24,2025,72,76,2700000.0,11000.0,12,11,11,32,10,18,13,12,27,24,43,43,42,70,41,53,58,34,67,12,25,19,11,42,19,38,20,11,12,72,67,71,68,79
Leo Román,21,2026,69,79,2700000.0,6000.0,12,12,12,20,10,11,11,12,20,10,50,50,51,62,48,58,61,44,61,10,22,11,10,50,15,40,12,13,12,69,68,77,67,71
D. Greif,25,2026,72,77,2700000.0,13000.0,14,9,10,25,5,10,12,10,17,17,15,22,21,66,21,58,40,17,60,5,16,14,7,34,14,32,8,11,11,70,73,77,71,70
I. Radu,25,"Jun 30, 2023",72,75,2400000.0,26000.0,13,18,16,24,16,15,16,15,24,17,42,38,43,64,40,53,59,32,58,17,22,14,9,37,15,43,12,19,15,76,68,70,70,76
D. Vásquez,24,2026,71,77,2400000.0,20000.0,14,8,14,27,9,12,11,13,25,15,35,40,36,67,47,54,72,19,70,7,22,9,7,32,16,30,12,10,11,72,70,72,66,75
M. Svilar,22,2027,71,77,2400000.0,20000.0,18,14,22,37,16,19,23,22,32,22,60,55,66,70,54,50,71,32,61,18,28,13,9,50,37,44,12,21,18,72,68,66,67,74
Iván Villar,24,2023,71,77,2400000.0,9000.0,13,12,16,23,12,21,20,15,22,17,32,33,38,71,37,52,52,30,52,15,18,18,12,46,23,46,10,15,15,71,70,69,70,71
Jordi Masip,33,2024,76,76,2400000.0,17000.0,20,12,13,42,19,17,21,20,38,25,63,62,69,76,67,53,78,40,54,13,21,16,11,60,12,64,21,14,13,77,74,70,73,75
W. Faríñez,24,2024,71,76,2300000.0,12000.0,18,19,17,25,15,14,22,18,29,25,51,54,69,67,65,48,75,41,51,20,23,17,15,66,23,45,25,16,21,,,,,
G. Ochoa,36,2023,80,80,2300000.0,17000.0,15,12,19,37,16,10,14,17,37,20,50,50,57,70,43,53,79,38,60,11,19,23,16,50,16,60,21,10,13,82,73,70,81,84
A. Consigli,35,2024,80,80,2300000.0,20000.0,10,10,10,31,19,10,15,15,27,23,48,34,57,75,40,54,80,31,51,19,11,15,10,46,21,63,10,17,19,,,,,
A. Meyer,31,2024,74,74,2200000.0,25000.0,13,8,11,31,6,17,12,10,29,19,39,45,22,72,29,55,40,19,79,9,22,8,7,36,12,37,20,10,9,73,70,73,73,75
Arnau Tenas,21,2023,67,79,2200000.0,16000.0,14,5,12,22,5,6,10,18,21,35,47,42,56,64,45,51,64,21,38,9,23,7,7,42,15,22,6,13,15,,,,,
Joel Robles,32,2023,74,74,2100000.0,24000.0,12,11,12,15,13,18,11,20,26,25,47,55,50,68,39,53,56,25,72,11,23,22,13,41,15,54,11,11,14,,,,,
N. Atubolu,20,2026,67,79,2100000.0,4000.0,12,8,13,27,8,11,13,12,31,14,35,36,32,62,31,50,60,29,79,9,26,13,9,50,14,44,12,12,12,68,62,67,68,70
Dani Martín,23,2024,68,75,2100000.0,6000.0,15,13,13,34,14,12,16,13,36,19,48,46,55,63,43,50,63,30,66,11,23,20,9,49,20,48,12,14,12,,,,,
F. Jörgensen,20,2025,67,79,2100000.0,5000.0,16,5,11,28,20,8,14,5,26,16,36,36,48,55,34,52,59,30,59,15,20,9,7,36,8,27,7,7,9,66,70,69,67,68
D. Bentley,28,2025,72,74,2000000.0,37000.0,18,11,11,43,13,17,12,12,26,30,48,43,51,72,41,52,75,31,67,13,24,22,12,50,22,55,30,11,13,74,66,69,72,73
T. Didillon,26,"Jun 30, 2023",71,75,2000000.0,8000.0,21,13,15,35,14,13,19,15,54,22,57,54,55,66,33,54,57,25,67,16,27,14,9,54,22,37,13,18,20,73,67,72,71,72
M. Lotka,21,2024,67,78,2000000.0,6000.0,12,11,11,20,8,9,12,7,23,12,24,21,26,65,29,41,38,29,66,8,22,10,7,23,10,30,8,10,9,,,,,
P. Pentz,25,2025,71,75,2000000.0,19000.0,19,13,16,31,15,15,15,13,20,25,52,55,62,68,54,53,68,42,63,14,26,19,20,50,24,37,17,19,18,70,69,70,69,71
C. Sánchez,22,"Jun 30, 2023",67,77,2000000.0,2000.0,15,7,15,29,10,11,15,11,31,15,42,36,45,65,34,45,66,27,73,8,26,20,9,49,12,43,10,12,14,,,,,
David Gil,28,2025,72,74,2000000.0,16000.0,30,13,20,30,16,28,31,19,20,29,48,46,32,64,55,53,60,41,66,12,25,25,12,31,21,40,15,15,16,,,,,
Ł. Fabiański,37,2023,79,79,1900000.0,35000.0,14,13,11,32,17,14,18,12,50,22,50,47,53,73,44,51,69,25,65,20,43,16,15,57,22,63,14,12,13,78,81,68,80,79
B. Kamara,25,2023,70,75,1900000.0,9000.0,12,12,20,15,15,19,13,16,15,21,37,41,28,65,42,47,79,32,77,19,17,20,11,26,22,51,8,15,14,,,,,
S. Mandanda,37,2024,79,79,1900000.0,25000.0,14,13,13,60,13,19,13,12,36,27,53,43,52,80,36,56,69,31,61,7,37,23,11,59,11,62,13,15,13,77,79,74,77,81
S. Ngapandouetnbu,19,2024,67,75,1900000.0,4000.0,21,7,25,20,17,13,11,10,26,19,28,15,36,47,43,47,59,26,55,15,18,6,5,43,11,28,6,20,25,,,,,
C. Bravo,39,2023,79,79,1900000.0,13000.0,12,13,18,59,11,22,25,38,61,32,58,54,63,72,62,62,81,39,67,17,40,23,16,70,23,64,15,18,19,77,79,83,79,80
M. Diaw,29,2024,72,73,1800000.0,11000.0,17,19,22,31,16,19,18,19,25,24,44,42,33,59,36,53,65,31,72,17,29,18,13,40,29,33,22,19,18,74,72,70,72,73
S. Ulreich,33,2024,75,75,1800000.0,34000.0,14,12,8,35,13,13,12,15,30,22,41,40,36,75,39,47,66,29,63,11,25,14,8,42,22,45,16,18,14,76,69,62,73,78
D. Ramaj,20,2027,66,78,1800000.0,4000.0,10,7,11,25,8,12,12,11,26,15,23,25,29,50,40,52,52,26,64,9,24,12,7,35,17,34,9,9,10,,,,,
R. Gikiewicz,34,2023,77,77,1800000.0,21000.0,18,13,39,24,15,18,19,12,20,19,27,29,38,77,40,48,66,20,68,13,22,12,12,48,19,31,13,14,13,79,70,64,77,80
Sergio Asenjo,33,2024,75,75,1800000.0,16000.0,24,14,13,39,15,15,23,22,39,14,57,54,59,78,58,56,70,36,72,13,20,22,12,46,15,64,24,15,14,73,73,75,74,75
G. Slonina,18,2028,66,81,1700000.0,2000.0,14,7,11,25,8,13,10,14,23,15,44,37,39,67,35,47,50,34,63,8,39,15,5,50,12,48,14,10,12,,,,,
Joan García,21,2025,66,77,1700000.0,3000.0,13,6,12,30,7,12,12,12,25,20,44,40,43,65,42,50,67,35,55,9,24,13,6,43,18,46,7,13,14,,,,,
A. Werner,26,2023,70,74,1700000.0,8000.0,14,19,15,25,12,13,20,15,19,23,44,46,34,55,43,56,58,38,75,18,24,27,16,50,23,52,15,13,17,74,72,75,68,70
L. Karius,29,2023,72,72,1600000.0,40000.0,14,18,14,38,14,16,12,14,41,23,55,54,51,69,43,54,74,36,75,16,21,13,8,50,19,60,9,11,13,75,66,72,70,75
Guaita,35,2024,78,78,1600000.0,27000.0,34,11,20,44,13,16,32,20,36,24,46,52,63,74,48,59,68,41,64,15,24,27,13,54,29,62,23,15,17,78,77,78,77,78
J. Pollersbeck,27,"Jun 30, 2023",70,73,1600000.0,21000.0,20,12,12,52,17,14,18,19,44,19,36,39,22,68,24,53,51,22,63,14,20,10,6,58,22,24,13,14,15,71,66,70,70,71
J. Olschowsky,20,2027,66,76,1600000.0,4000.0,14,6,13,26,9,12,13,10,30,10,22,17,30,50,44,51,78,16,42,7,23,11,8,50,15,38,18,11,11,,,,,
A. Schwolow,30,"Jun 30, 2023",72,72,1600000.0,16000.0,9,12,12,26,11,15,13,16,23,23,36,39,40,74,42,47,65,31,65,15,26,13,10,36,22,24,16,17,9,72,68,63,71,73
L. Grill,23,2025,69,73,1600000.0,8000.0,8,5,14,29,6,15,10,8,27,26,38,43,40,63,29,46,56,31,60,5,20,8,6,45,11,38,10,14,11,72,64,61,65,73
F. Bardi,30,2023,72,72,1600000.0,16000.0,18,10,11,31,17,13,14,19,31,12,51,46,48,70,33,49,75,29,54,18,21,10,11,34,21,68,18,11,10,73,71,65,70,74
L. Sepe,31,2026,73,73,1600000.0,16000.0,11,14,13,32,18,14,13,12,31,22,42,46,40,72,34,53,57,23,68,19,12,20,10,44,17,63,28,19,19,72,71,70,70,76
Fortuño,20,2024,66,76,1600000.0,3000.0,14,9,13,21,8,13,13,11,24,19,43,40,44,65,51,48,73,30,52,6,33,9,6,45,19,40,9,14,10,,,,,
Jaume,31,2024,73,73,1600000.0,19000.0,30,11,16,57,18,13,25,13,55,32,58,58,60,71,59,56,72,40,68,12,21,25,16,43,25,56,20,12,22,70,73,74,71,75
Diego López,40,2023,78,78,1600000.0,10000.0,11,12,10,28,14,11,10,11,21,25,44,42,43,73,40,51,66,40,73,10,40,16,11,55,21,65,16,13,14,76,78,68,80,76
K. Klaesson,21,2025,65,77,1500000.0,5000.0,11,10,13,33,10,19,12,13,29,28,35,33,52,59,42,47,61,24,57,12,30,11,5,42,17,43,10,14,13,64,60,63,64,69
A. McCarthy,32,2023,73,73,1500000.0,29000.0,11,17,16,33,12,17,15,18,35,17,50,56,35,71,43,46,68,34,63,14,35,22,11,50,41,61,13,13,12,,,,,
R. Descamps,26,2024,70,72,1500000.0,10000.0,10,9,14,21,6,9,13,12,16,11,45,39,29,61,24,47,32,20,63,6,22,8,7,23,12,49,9,11,10,,,,,
J. Blázquez,21,"Jun 30, 2023",65,77,1500000.0,2000.0,10,6,11,26,7,9,11,10,33,16,22,25,33,60,45,47,65,26,55,7,21,12,7,27,14,33,10,12,13,,,,,
K. Haug,24,2026,68,74,1500000.0,5000.0,18,13,22,38,20,17,21,19,37,24,43,49,47,58,41,51,58,27,59,14,26,17,12,40,22,31,23,14,20,,,,,
O. Djoco,24,2025,69,72,1500000.0,6000.0,12,10,14,21,7,14,15,16,20,16,30,22,21,62,23,53,55,29,67,8,21,9,4,33,29,32,12,12,11,,,,,
Cristian Rivero,24,2024,68,74,1500000.0,8000.0,14,7,10,28,9,8,11,14,30,17,25,29,38,61,40,50,65,23,55,18,24,15,6,34,18,47,14,10,11,70,63,66,65,72
Miguel Morro,21,2025,65,77,1500000.0,2000.0,10,10,14,30,6,11,11,12,28,13,47,46,31,64,26,47,45,29,58,11,27,10,5,42,13,37,11,11,12,64,66,62,61,66
F. Ravaglia,22,2024,65,75,1400000.0,5000.0,11,11,13,19,9,9,14,13,21,19,35,39,41,43,34,41,45,43,48,9,18,10,10,21,19,23,14,13,10,,,,,
Iturbe,18,2027,65,80,1400000.0,950,14,11,12,32,8,13,14,13,30,20,52,46,51,55,50,48,56,32,56,9,23,10,6,40,20,36,8,11,13,,,,,
Emilio Bernad,22,2023,65,73,1400000.0,5000.0,12,8,14,25,5,10,13,12,27,11,42,41,52,50,50,50,72,28,53,7,17,13,6,30,20,27,9,10,14,,,,,
Diego Conde,23,2024,65,73,1400000.0,4000.0,15,11,14,22,13,15,22,20,25,18,44,41,58,63,38,47,66,31,62,9,21,14,11,38,21,43,14,9,13,62,58,63,69,68
J. Steer,29,2023,71,71,1300000.0,33000.0,11,11,12,40,11,11,12,11,25,22,53,47,37,67,59,53,56,39,61,11,22,22,16,42,41,30,12,12,11,72,70,70,70,71
J. Butland,29,"Jun 30, 2023",71,71,1300000.0,24000.0,11,16,12,40,12,21,12,14,30,36,53,50,49,67,48,50,70,29,75,13,39,20,13,40,42,57,15,13,11,,,,,
F. Forster,34,2024,76,76,1300000.0,52000.0,19,13,13,27,19,20,10,19,36,33,26,35,44,70,42,50,69,29,80,12,44,22,13,48,22,54,11,13,12,,,,,
A. Jakubech,25,2025,68,72,1300000.0,8000.0,12,7,12,25,8,14,14,13,20,15,36,44,35,63,24,48,60,29,70,6,19,10,5,39,10,51,12,10,13,,,,,
T. Koubek,29,2024,71,71,1300000.0,13000.0,13,12,13,14,19,17,18,16,20,20,39,43,25,71,29,50,53,33,79,17,31,11,12,39,20,54,14,12,16,74,62,67,69,73
F. Bredlow,27,2024,70,70,1200000.0,10000.0,8,5,11,17,4,14,13,14,20,23,41,36,50,68,39,50,68,20,62,7,18,11,17,28,30,41,15,12,10,,,,,
M. Zetterer,26,2024,68,71,1200000.0,7000.0,17,16,18,24,16,17,14,14,25,23,39,44,32,68,40,53,68,38,69,14,27,19,13,27,15,39,19,16,12,,,,,
C. Pinsoglio,32,2025,72,72,1200000.0,42000.0,13,11,13,24,8,18,11,18,28,22,43,41,33,62,40,47,71,34,60,6,32,18,11,35,22,64,20,12,13,73,72,62,73,75
Zubiaurre,25,2024,67,72,1200000.0,7000.0,12,11,18,16,11,14,12,11,14,16,31,28,33,65,32,49,49,22,58,12,21,14,11,52,10,47,10,12,13,,,,,
Pepe Reina,39,2023,77,77,1200000.0,14000.0,11,14,13,37,11,10,11,11,39,23,43,49,50,72,60,59,71,34,70,15,32,22,13,65,24,64,20,22,24,75,77,79,79,76
K. Hein,20,2026,64,74,1100000.0,7000.0,10,8,17,25,6,10,13,12,21,12,33,38,36,62,31,42,34,40,57,7,18,12,6,32,18,26,9,16,15,61,63,56,64,66
M. Bettinelli,30,2026,70,70,1100000.0,33000.0,12,14,11,40,12,15,12,19,48,28,34,24,39,60,40,54,60,22,40,14,33,15,6,40,18,52,16,18,17,,,,,
B. Austin,23,2024,64,72,1100000.0,10000.0,12,9,13,19,6,14,12,11,18,17,36,49,42,51,38,41,59,18,54,9,27,6,4,32,11,45,21,12,12,,,,,
S. Laiton,22,2024,64,74,1100000.0,3000.0,14,8,13,17,9,14,12,12,17,15,50,44,64,67,51,45,72,42,71,5,34,24,4,60,19,62,8,11,14,,,,,
A. Olliero,26,2026,67,71,1100000.0,6000.0,15,17,20,22,20,13,15,18,23,28,47,45,39,59,41,50,59,23,75,17,19,17,12,24,27,51,10,19,16,68,63,66,67,70
B. Uphoff,28,2026,70,70,1100000.0,12000.0,11,8,12,36,9,10,7,11,22,22,36,40,29,66,34,51,63,23,64,7,15,12,10,26,24,23,13,11,13,,,,,
M. Johansson,23,"Jun 30, 2023",66,72,1100000.0,3000.0,16,20,12,35,16,17,17,13,37,24,40,42,39,58,42,53,68,35,63,20,23,22,14,32,15,51,18,12,15,67,64,71,63,70
L. Gemello,21,2023,64,74,1100000.0,4000.0,14,7,11,19,7,9,11,20,23,18,31,31,28,44,22,50,31,18,61,5,23,14,7,35,19,37,5,11,10,,,,,
A. Russo,21,2024,64,73,1100000.0,3000.0,14,5,11,20,6,10,13,12,25,16,29,33,32,60,21,43,38,17,63,8,26,14,5,24,11,32,9,14,13,,,,,
Toni Fuidias,21,2025,64,74,1100000.0,3000.0,10,8,14,15,7,5,10,14,21,11,28,32,32,61,25,47,50,21,59,8,17,12,4,33,18,38,8,13,10,,,,,
B. Leroy,33,2023,73,73,1000000.0,12000.0,12,13,12,23,10,14,11,19,14,18,46,46,37,69,40,53,55,28,40,11,25,15,9,48,22,60,14,12,17,72,72,71,72,73
J. Zoet,31,2024,71,71,1000000.0,9000.0,17,12,19,37,19,15,13,20,37,34,55,45,54,65,42,56,57,40,67,17,18,20,11,57,27,41,23,18,16,70,73,74,71,70
A. Sorrentino,20,2027,63,75,1000000.0,4000.0,13,5,10,21,9,12,11,12,18,13,39,41,23,48,26,45,38,20,64,6,26,10,5,33,14,34,6,12,10,,,,,
Antonio Gomis,19,2025,63,78,1000000.0,3000.0,12,9,14,29,9,11,12,11,27,18,50,43,48,52,46,47,56,30,61,7,20,9,7,37,19,34,6,12,15,,,,,
Luis López,21,2023,63,75,1000000.0,11000.0,11,7,11,15,7,10,13,12,15,15,31,29,33,60,21,44,55,18,49,8,23,12,4,35,13,30,7,13,10,,,,,
M. Turk,18,"Jun 30, 2023",63,78,975000.0,500,12,7,8,17,7,13,15,18,30,14,40,34,28,50,32,43,40,30,55,9,26,7,7,38,21,33,7,14,12,,,,,
Aceves,18,2025,63,78,975000.0,500,15,10,10,24,11,9,16,15,25,15,20,31,30,54,50,48,64,27,71,12,27,15,8,41,14,37,20,14,13,65,60,64,60,67
T. Boulhendi,21,2023,63,74,925000.0,4000.0,13,9,14,23,8,13,15,12,21,18,49,48,51,58,48,47,59,34,64,7,23,9,7,28,13,27,6,13,11,63,62,62,61,63
J. Heekeren,21,2025,63,72,925000.0,2000.0,11,12,20,27,12,14,14,13,23,18,38,40,36,59,35,47,60,32,68,13,31,12,17,38,11,38,15,12,14,63,61,63,62,65
L. Philipp,21,2024,63,73,925000.0,3000.0,9,4,12,26,4,9,11,10,22,10,24,29,29,56,24,44,32,20,50,6,20,10,7,34,13,31,6,13,11,,,,,
S. Perilli,27,2024,67,69,925000.0,7000.0,18,17,12,25,14,14,16,17,27,20,46,45,36,69,56,46,52,30,65,17,24,23,13,14,26,54,25,15,18,,,,,
Y. Meykher,22,2023,63,71,925000.0,3000.0,14,9,11,19,7,8,13,12,20,13,35,30,38,60,43,47,65,25,60,8,20,14,9,35,13,23,12,13,12,,,,,
Pablo Valencia,21,2023,63,73,925000.0,3000.0,10,8,10,30,5,11,10,14,27,15,20,25,30,45,39,46,44,25,45,9,27,13,8,39,16,32,6,14,14,,,,,
M. Cox,19,2028,62,79,900000.0,2000.0,8,7,9,35,6,8,13,10,36,21,33,26,36,50,43,49,59,20,36,6,20,9,9,40,10,38,7,10,11,,,,,
Álex Padilla,18,2024,62,78,900000.0,500,13,6,8,22,5,10,12,11,20,15,34,27,31,47,34,47,50,19,52,8,25,7,7,22,16,21,5,15,10,,,,,
F. Sollacaro,28,2024,67,69,875000.0,5000.0,13,6,19,21,15,7,19,16,25,19,42,46,37,55,59,49,64,28,47,15,11,13,5,22,14,51,8,8,9,67,66,65,68,69
Pere Joan,20,2025,62,75,850000.0,2000.0,9,6,11,29,5,10,8,8,30,19,50,60,55,61,62,50,80,45,72,7,20,12,5,41,11,45,8,10,11,,,,,
Unai Marrero,20,2023,62,75,850000.0,2000.0,10,5,10,21,6,8,12,10,16,16,21,24,21,45,38,44,52,24,59,9,16,9,7,42,15,40,5,10,10,,,,,
Iker Piedra,20,2024,62,74,850000.0,2000.0,12,8,11,17,9,10,11,10,19,18,37,35,36,55,48,45,64,25,49,7,30,11,7,40,16,34,8,11,12,,,,,
A. Whiteman,23,2023,63,70,825000.0,9000.0,14,9,14,27,8,12,12,10,25,23,34,28,31,50,41,42,65,26,48,9,25,12,4,33,11,42,21,13,14,,,,,
S. Sirigu,35,2023,76,76,825000.0,22000.0,13,10,11,23,12,15,11,11,28,18,46,46,52,74,55,53,68,34,66,14,34,20,10,55,19,65,14,11,13,75,73,71,77,74
Víctor Aznar,19,2023,62,75,825000.0,2000.0,13,7,19,35,11,14,14,13,28,18,30,28,35,49,45,47,62,27,70,5,26,15,6,39,20,31,7,18,22,,,,,
A. Smithies,32,2024,70,70,800000.0,27000.0,14,11,17,30,13,14,11,11,28,23,59,59,33,66,44,50,80,39,66,13,37,24,17,44,21,58,15,12,17,,,,,
G. Restes,17,2024,61,81,800000.0,500,17,9,12,31,7,8,13,13,29,17,31,35,31,45,39,47,44,23,61,7,18,8,7,33,15,23,7,16,14,,,,,
Diego Mariño,32,2024,70,70,800000.0,10000.0,22,16,20,35,18,15,16,11,33,21,48,52,66,70,46,47,75,35,69,14,30,26,11,54,23,59,18,15,16,71,69,63,65,72
J. Anang,22,2024,64,70,775000.0,8000.0,13,6,11,27,9,13,12,12,19,10,34,32,31,57,50,47,56,25,55,7,30,12,6,59,15,37,12,12,10,,,,,
D. Léon,29,2025,67,68,775000.0,5000.0,20,19,13,36,18,14,16,18,34,19,48,46,42,63,53,49,64,29,78,16,26,26,15,43,22,48,10,10,19,,,,,
J. Steele,31,2025,69,69,750000.0,19000.0,11,15,28,53,12,12,19,15,45,36,41,36,36,65,44,54,56,29,55,12,39,11,8,40,24,60,10,18,14,68,67,72,70,68
Ø. Nyland,31,2023,69,69,750000.0,15000.0,12,11,13,29,14,21,13,14,35,23,47,48,45,64,53,51,71,33,70,13,26,21,13,33,25,39,17,11,12,69,68,68,68,70
G. Garofani,19,2025,61,77,750000.0,4000.0,12,6,12,25,6,14,14,11,22,19,35,32,33,42,36,44,50,28,63,6,16,7,6,21,15,31,6,13,10,,,,,
Ander Iru,23,2023,64,70,750000.0,4000.0,12,8,9,21,6,11,14,12,23,19,32,24,28,50,37,46,47,21,43,11,22,8,5,25,15,24,6,14,11,,,,,
Diego Fuoli,24,2023,64,70,750000.0,4000.0,13,6,15,28,8,9,13,15,23,14,32,28,34,57,38,49,52,20,53,11,20,7,8,42,11,29,8,13,11,,,,,
Lluc Matas,20,2023,62,72,750000.0,2000.0,10,9,14,20,9,7,10,13,22,15,33,25,38,55,39,47,52,25,40,5,22,6,7,21,18,31,6,12,12,,,,,
B. Costil,34,2023,74,74,725000.0,20000.0,11,14,15,34,12,13,12,11,32,12,46,50,38,72,44,56,48,28,64,15,22,22,12,47,15,57,16,11,14,72,73,74,75,74
Alberto Flores,18,2024,61,77,725000.0,500,12,5,13,28,6,10,10,12,21,13,33,25,27,58,35,46,55,26,61,8,28,10,6,35,11,30,7,11,12,,,,,
K. Bonnevie,20,2024,61,75,700000.0,4000.0,12,6,10,17,6,8,11,10,25,15,22,17,28,58,23,44,45,20,62,5,35,9,7,36,16,40,5,10,13,,,,,
L. Rieß,20,2025,61,75,700000.0,2000.0,10,9,13,27,5,9,13,11,26,14,31,29,33,48,25,43,38,21,64,8,28,14,8,34,16,39,8,13,13,63,61,57,61,64
A. Letellier,31,2024,68,68,650000.0,18000.0,13,10,11,28,13,11,19,13,23,16,37,39,32,67,25,45,57,31,72,14,25,24,14,22,20,51,15,13,11,67,66,60,65,72
F. Schock,21,2024,61,69,650000.0,2000.0,13,9,14,20,6,8,11,13,16,11,26,25,28,57,29,42,38,28,76,8,16,14,6,30,11,30,8,11,12,,,,,
Adrián González,22,2023,61,70,650000.0,3000.0,15,6,11,23,7,15,12,15,21,14,28,30,33,59,33,45,51,27,56,9,18,7,5,24,18,22,9,14,13,,,,,
A. Begović,35,2023,75,75,625000.0,17000.0,14,19,12,26,12,16,17,15,32,24,30,33,36,70,40,55,38,36,79,12,42,21,11,34,40,58,18,11,12,75,77,73,73,71
Matis Carvalho,23,2023,61,69,625000.0,2000.0,10,8,12,27,5,8,10,13,25,19,37,38,36,52,43,44,59,29,62,5,26,10,10,22,18,49,10,13,12,,,,,
D. Seimen,16,2027,59,84,625000.0,500,10,6,13,22,6,8,13,10,20,17,37,44,38,57,29,46,65,31,68,6,22,11,7,25,18,30,9,8,10,,,,,
C. Tătărușanu,36,2023,75,75,625000.0,24000.0,13,15,15,37,11,16,11,11,37,19,46,43,51,73,38,55,65,42,73,12,33,26,13,49,16,44,12,15,12,73,73,73,77,76
N. Lomb,28,2024,66,66,600000.0,10000.0,15,17,15,26,15,14,17,13,32,20,38,39,47,64,40,48,65,40,68,11,27,17,5,27,14,37,16,12,16,68,58,64,63,70
R. Fährmann,33,2025,71,71,600000.0,12000.0,14,11,15,29,11,15,18,11,34,24,38,47,39,73,36,36,71,32,71,9,36,23,11,42,21,61,10,12,10,72,65,48,70,76
J. Busk,28,2023,66,66,600000.0,7000.0,11,10,10,24,18,15,12,12,22,15,45,42,30,66,56,47,56,33,64,14,20,29,12,58,12,26,14,12,14,67,60,63,63,68
M. Adamonis,25,2025,64,67,600000.0,7000.0,12,8,11,20,9,11,12,11,20,16,21,20,34,52,39,43,41,26,61,5,22,12,7,36,17,51,18,11,12,,,,,
E. Berisha,33,2024,71,71,600000.0,18000.0,11,13,12,20,11,12,13,12,26,20,28,28,33,73,30,50,57,39,64,15,24,22,12,42,22,59,20,10,11,68,70,66,71,72
V. Fiorillo,32,2025,68,68,600000.0,8000.0,8,15,9,28,6,14,9,5,25,19,36,42,55,66,35,46,71,31,61,6,11,16,10,48,22,62,20,10,10,70,64,61,66,70
M. Gillespie,30,2023,66,66,575000.0,15000.0,13,16,11,34,12,17,12,15,35,29,34,35,37,56,53,47,69,25,66,12,26,20,11,42,19,50,12,11,19,66,64,63,65,69
Y. Lienard,19,2024,60,77,575000.0,2000.0,9,3,12,30,4,6,34,18,21,13,23,22,33,45,26,45,39,27,66,8,21,7,3,31,11,36,4,13,11,,,,,
L. Lavallée,19,2025,60,76,575000.0,3000.0,11,7,10,22,8,12,12,11,20,16,28,31,29,55,30,44,47,24,59,9,19,13,7,36,15,39,10,11,13,,,,,
S. Perisan,24,2024,63,67,550000.0,1000.0,12,20,14,22,11,11,13,11,19,24,47,45,34,57,48,42,54,37,62,20,24,21,14,12,25,49,13,14,16,,,,,
P. Pervan,34,2024,73,73,525000.0,24000.0,19,9,15,22,8,14,15,14,31,15,32,27,36,70,33,52,44,23,54,15,28,15,5,34,14,30,16,21,19,,,,,
D. Klein,21,2025,60,72,525000.0,2000.0,10,8,12,26,6,9,7,9,24,14,20,27,28,54,31,42,38,23,57,6,17,7,8,35,14,29,6,15,12,,,,,
P. Boer,20,2024,60,73,525000.0,4000.0,12,6,13,19,5,5,10,12,24,17,33,24,22,41,27,44,34,24,63,7,19,14,4,24,12,28,7,11,11,,,,,
Juan Carlos,34,2023,73,73,525000.0,15000.0,31,14,19,25,15,13,30,12,27,22,58,61,56,67,57,54,70,42,71,15,13,21,11,42,30,53,25,20,21,72,73,72,71,73
M. Patouillet,18,2026,59,78,500000.0,700,12,6,9,22,8,8,11,8,21,13,23,14,28,52,31,41,57,19,44,7,26,5,4,28,15,35,6,11,10,,,,,
E. Damergy,19,2023,60,73,500000.0,2000.0,10,5,12,17,6,12,10,10,18,14,38,32,46,57,33,39,54,28,66,5,26,6,8,37,14,37,6,13,10,,,,,
M. Backhaus,18,2027,58,78,500000.0,500,10,8,12,23,8,13,13,13,23,19,15,24,39,39,29,43,37,25,56,6,18,13,4,29,12,32,7,10,11,,,,,
L. Lord,18,2027,59,77,500000.0,500,10,7,13,29,8,13,13,10,29,19,28,25,31,44,27,42,37,25,71,7,22,14,5,28,11,29,8,10,14,,,,,
Jesús López,19,2023,60,72,500000.0,950,12,9,11,15,6,8,11,14,16,15,34,18,22,50,32,44,51,30,44,10,25,15,9,25,15,26,9,13,12,,,,,
R. Risser,17,2024,60,75,475000.0,500,12,5,9,31,6,11,18,10,34,12,21,31,30,50,21,46,34,26,54,5,18,11,6,21,11,34,6,10,13,,,,,
G. Coudert,23,2023,60,68,475000.0,2000.0,10,7,12,22,6,13,14,11,26,15,30,27,25,52,24,44,50,25,66,8,28,12,9,24,19,25,22,13,11,,,,,
F. Dimmer,17,2024,60,73,475000.0,500,14,9,14,25,8,7,14,12,22,12,31,27,30,46,24,44,30,22,51,9,16,8,8,38,15,28,9,14,14,,,,,
T. Ernst,19,2026,58,75,475000.0,1000.0,10,8,10,22,8,10,10,10,32,21,31,20,26,51,60,37,61,24,54,8,27,21,5,35,10,43,10,13,11,,,,,
P. Schulze,19,2026,59,72,475000.0,2000.0,12,8,13,21,6,9,13,14,15,12,24,29,28,56,22,43,32,26,64,6,24,13,8,27,10,38,5,14,12,,,,,
B. Leneis,23,2023,60,68,475000.0,3000.0,12,6,14,16,9,13,14,11,22,17,19,24,34,54,28,44,38,18,38,6,18,3,3,26,19,20,7,12,13,,,,,
A. Mirante,38,2023,74,74,475000.0,22000.0,10,17,13,35,15,24,17,13,35,25,44,43,50,76,50,49,62,33,55,15,32,17,10,43,21,70,10,12,12,71,73,65,75,74
Darío Ramos,22,2023,60,70,475000.0,2000.0,12,10,12,24,7,13,12,13,23,14,29,30,34,50,27,49,53,22,63,7,20,14,5,38,10,33,6,13,12,,,,,
Kiko Casilla,35,2023,74,74,475000.0,11000.0,24,14,13,34,12,19,25,25,28,30,46,49,43,73,58,56,69,41,71,13,45,20,12,62,23,60,26,15,11,75,72,74,71,75
Y. Pandor,21,2026,59,67,450000.0,2000.0,10,6,16,22,8,6,14,10,14,19,19,22,26,54,41,41,57,23,51,7,26,12,9,28,11,24,7,15,11,,,,,
A. Pierre,21,2024,58,70,450000.0,2000.0,9,3,7,38,3,7,19,11,27,18,14,27,38,47,34,47,53,34,57,4,21,5,3,21,19,39,7,11,12,,,,,
T. Himeur,21,2024,59,68,450000.0,1000.0,10,6,10,25,9,9,10,11,20,18,55,30,38,50,38,43,47,17,52,6,17,11,8,32,14,22,6,14,11,,,,,
M. Brüll,19,2027,60,70,450000.0,1000.0,14,6,11,15,7,12,14,12,19,15,32,33,33,44,39,44,49,18,42,9,20,12,8,44,11,23,7,11,10,,,,,
M. Bignetti,18,2023,58,76,450000.0,500,11,8,12,31,9,10,14,15,28,17,25,33,22,38,30,41,39,28,61,11,27,15,6,30,18,32,8,11,14,,,,,
J. Nickisch,18,2023,58,74,450000.0,600,15,8,12,28,7,9,13,11,26,12,21,33,25,44,38,42,62,25,48,9,15,12,7,38,12,33,10,12,11,,,,,
M. Bleve,26,2023,63,65,450000.0,3000.0,10,8,11,19,5,11,12,10,27,14,21,15,24,47,47,47,63,28,53,7,19,8,6,53,10,55,14,10,13,,,,,
V. Sinisalo,20,2023,58,72,425000.0,5000.0,14,8,12,17,9,11,14,13,17,18,26,20,38,52,24,43,37,26,57,7,20,10,4,29,14,30,5,13,11,,,,,
G. Wickens,20,2023,58,72,425000.0,4000.0,20,8,22,56,5,11,12,10,58,19,35,22,29,50,25,47,59,24,50,6,30,26,9,55,15,31,20,17,20,,,,,
M. Cerofolini,23,2024,60,67,425000.0,5000.0,10,10,14,16,15,11,13,11,24,19,37,37,37,46,55,45,60,25,61,12,22,12,10,40,15,45,18,13,13,60,60,60,63,60
P. Zovko,20,2024,58,70,425000.0,1000.0,12,6,11,19,6,7,14,10,17,10,23,17,28,42,29,45,33,23,56,6,17,7,8,32,18,39,6,10,13,,,,,
M. Sarr,25,2024,62,66,425000.0,2000.0,13,13,17,26,19,18,16,20,22,24,43,44,34,49,48,41,56,38,67,15,18,25,19,16,21,25,17,18,13,65,60,55,55,70
E. Lamanna,32,2023,66,66,425000.0,9000.0,19,19,17,35,19,18,12,17,33,24,29,33,39,65,38,45,61,26,52,16,30,14,11,31,24,65,8,14,13,64,64,60,65,68
T. McGill,22,2023,58,68,400000.0,6000.0,14,5,10,16,8,12,13,10,21,19,20,17,29,43,49,46,57,23,46,9,27,13,7,30,10,40,10,12,12,,,,,
L. Margueron,21,2023,59,66,400000.0,1000.0,14,8,13,26,8,10,13,13,22,15,19,21,30,40,24,46,34,27,72,7,23,10,8,21,15,33,9,13,10,,,,,
Dudu,23,2024,61,66,400000.0,2000.0,12,9,11,37,5,6,14,14,34,18,27,29,27,56,29,47,34,16,74,9,26,9,7,43,19,33,5,10,11,59,61,63,59,62
M. Esser,34,2024,72,72,400000.0,13000.0,10,8,25,39,9,15,14,17,35,17,32,48,30,70,28,50,67,37,82,19,40,30,6,48,23,53,20,15,16,73,71,66,70,74
T. Schlieck,16,2023,57,77,400000.0,500,13,5,14,25,6,13,13,11,22,12,26,33,37,45,27,41,38,19,60,5,23,10,6,37,19,36,7,13,13,,,,,
S. Ujkani,33,2023,68,68,400000.0,4000.0,12,13,10,36,12,12,11,14,26,23,51,49,55,59,50,46,76,21,59,17,20,10,10,31,22,50,18,11,10,68,67,61,71,67
Herrerín,34,2023,72,72,400000.0,17000.0,14,13,14,16,15,19,15,12,29,12,47,38,45,72,54,59,60,41,75,16,37,23,16,40,25,58,16,16,12,71,72,79,68,70
O. Zych,18,2026,57,76,375000.0,900,14,9,13,24,7,13,13,11,15,15,17,31,29,48,24,44,35,25,62,8,20,8,8,29,15,43,5,11,11,,,,,
R. Kwasigroch,18,2025,57,73,375000.0,500,10,8,11,23,5,9,11,9,22,12,17,26,26,38,23,39,36,24,53,6,15,7,6,25,11,22,10,9,9,,,,,
N. Klinger,26,2023,62,64,375000.0,6000.0,12,6,10,24,10,8,8,7,20,12,31,35,49,60,40,47,72,36,64,6,31,10,6,30,11,41,10,9,8,,,,,
Arana,20,2023,58,67,375000.0,2000.0,11,9,13,24,5,7,10,14,17,18,22,18,38,55,22,42,46,17,64,7,28,12,6,39,13,53,11,13,10,,,,,
W. Hennessey,35,2024,73,73,350000.0,21000.0,11,12,14,29,10,8,12,11,41,23,40,41,48,66,51,56,41,29,68,10,21,22,14,58,17,55,13,18,13,73,74,75,74,70
J. Leca,36,2024,73,73,350000.0,12000.0,12,11,13,33,11,13,13,12,37,25,41,41,40,75,45,56,65,24,68,13,45,22,11,27,14,60,18,14,15,71,70,74,71,72
